очень	очень	ADV	advmod	не	не	PART	_	_	_	_	20458.90825699893	1588
только	только	PART	advmod	не	не	PART	_	_	_	_	8348.471379430293	648
так	так	ADV	advmod	не	не	PART	_	_	_	_	5101.8436207629575	396
совсем	совсем	ADV	advmod	не	не	PART	_	_	_	_	4290.186681096124	333
тем	то	PRON	fixed	не	не	PART	fixed	менее	менее	ADV	3027.609219392159	235
особо	особо	ADV	advmod	не	не	PART	_	_	_	_	2834.357567090532	220
слишком	слишком	ADV	advmod	не	не	PART	_	_	_	_	2705.5231322227805	210
просто	просто	PART	advmod	не	не	PART	_	_	_	_	2602.4555843285793	202
всегда	всегда	ADV	advmod	не	не	PART	_	_	_	_	2499.388036434378	194
могу	мочь	VERB	advmod	не	не	PART	xcomp	сказать	сказать	VERB	2434.970819000502	189
все	все	PRON	advmod	не	не	PART	_	_	_	_	1649.0807663072187	128
более	более	ADV	advmod	не	не	PART	_	_	_	_	1584.663548873343	123
было	быть	VERB	advmod	не	не	PART	cc	но	но	CCONJ	1571.7801053865678	122
сильно	сильно	ADV	advmod	не	не	PART	_	_	_	_	1481.5960009791415	115
менее	менее	ADV	advmod	не	не	PART	_	_	_	_	1352.7615661113903	105
раз	раз	NOUN	advmod	не	не	PART	_	_	_	_	1352.7615661113903	105
самое	самый	ADJ	advmod	не	не	PART	_	_	_	_	1326.99467913784	103
раз	раз	NOUN	advmod	не	не	PART	obl	еще	еще	ADV	1314.1112356510648	102
сразу	сразу	ADV	advmod	не	не	PART	_	_	_	_	1288.3443486775145	100
один	один	NUM	advmod	не	не	PART	_	_	_	_	1185.2768007833135	92
было	быть	VERB	advmod	не	не	PART	mark	что	что	SCONJ	1133.7430268362127	88
пойду	пойти	VERB	advmod	не	не	PART	advmod	больше	больше	ADV	1082.2092528891121	84
могу	мочь	VERB	advmod	не	не	PART	cc	но	но	CCONJ	1069.3258094023372	83
знаю	знать	VERB	advmod	не	не	PART	nsubj	я	я	PRON	1043.5589224287867	81
знаю	знать	VERB	advmod	не	не	PART	_	_	_	_	1043.5589224287867	81
все	весь	DET	advmod	не	не	PART	_	_	_	_	1030.6754789420118	80
самый	самый	ADJ	advmod	не	не	PART	_	_	_	_	1030.6754789420118	80
было	быть	VERB	advmod	не	не	PART	cc	и	и	CCONJ	1017.7920354552364	79
чему	что	PRON	advmod	не	не	PART	case	к	к	ADP	1017.7920354552364	79
первый	первый	ADJ	advmod	не	не	PART	_	_	_	_	1004.9085919684613	78
мой	мой	DET	advmod	не	не	PART	_	_	_	_	940.4913745345856	73
зря	зря	ADV	advmod	не	не	PART	_	_	_	_	901.8410440742603	70
ошибаюсь	ошибиться	VERB	advmod	не	не	PART	mark	если	если	SCONJ	876.0741571007098	68
было	быть	VERB	advmod	не	не	PART	cc	а	а	CCONJ	850.3072701271595	66
раз	раз	NOUN	advmod	не	не	PART	cc	и	и	CCONJ	837.4238266403844	65
пожалели	жалеть	VERB	advmod	не	не	PART	cc	и	и	CCONJ	824.5403831536094	64
более	более	ADV	advmod	не	не	PART	cc	но	но	CCONJ	824.5403831536094	64
самые	самый	ADJ	advmod	не	не	PART	_	_	_	_	811.6569396668342	63
часто	часто	ADV	advmod	не	не	PART	_	_	_	_	798.7734961800589	62
люблю	любить	VERB	advmod	не	не	PART	nsubj	я	я	PRON	785.8900526932839	61
пожалеете	жалеть	VERB	advmod	не	не	PART	_	_	_	_	734.3562787461833	57
может	мочь	VERB	advmod	не	не	PART	mark	что	что	SCONJ	721.472835259408	56
знаю	знать	VERB	advmod	не	не	PART	advmod	даже	даже	PART	721.472835259408	56
понравилось	понравиться	VERB	advmod	не	не	PART	_	_	_	_	708.589391772633	55
понравилось	понравиться	VERB	advmod	не	не	PART	mark	что	что	SCONJ	695.7059482858579	54
оказалось	оказаться	VERB	advmod	не	не	PART	cc	но	но	CCONJ	669.9390613123076	52
смотря	смотреть	VERB	advmod	не	не	PART	obl	то	то	PRON	657.0556178255324	51
так	так	ADV	advmod	не	не	PART	advmod	уж	уж	PART	657.0556178255324	51
пойдем	пойти	VERB	advmod	не	не	PART	advmod	больше	больше	ADV	644.1721743387573	50
мое	мой	DET	advmod	не	не	PART	_	_	_	_	631.2887308519821	49
долго	долго	ADV	advmod	не	не	PART	_	_	_	_	631.2887308519821	49
тот	тот	DET	advmod	не	не	PART	_	_	_	_	618.405287365207	48
первой	первый	ADJ	advmod	не	не	PART	_	_	_	_	618.405287365207	48
могу	мочь	VERB	advmod	не	не	PART	nsubj	я	я	PRON	605.5218438784318	47
знаю	знать	VERB	advmod	не	не	PART	advmod	уж	уж	PART	592.6384003916568	46
столь	столь	ADV	advmod	не	не	PART	_	_	_	_	566.8715134181064	44
самая	самый	ADJ	advmod	не	не	PART	_	_	_	_	553.9880699313313	43
много	много	ADV	advmod	не	не	PART	_	_	_	_	541.1046264445561	42
плохо	плохо	ADV	advmod	не	не	PART	_	_	_	_	528.2211829577809	41
радовать	радовать	VERB	advmod	не	не	PART	_	_	_	_	515.3377394710059	40
понравилось	понравиться	VERB	advmod	не	не	PART	iobj	мне	я	PRON	502.45429598423067	39
что	что	PRON	advmod	не	не	PART	case	за	за	ADP	502.45429598423067	39
надо	надо	ADV	advmod	не	не	PART	cc	и	и	CCONJ	489.57085249745546	38
понравилось	понравиться	VERB	advmod	не	не	PART	nsubj	что	что	PRON	489.57085249745546	38
хватает	хватать	VERB	advmod	не	не	PART	cc	но	но	CCONJ	489.57085249745546	38
хочется	хотеться	VERB	advmod	не	не	PART	cc	но	но	CCONJ	476.68740901068037	37
будет	быть	VERB	advmod	не	не	PART	mark	что	что	SCONJ	476.68740901068037	37
понимаю	понимать	VERB	advmod	не	не	PART	nsubj	я	я	PRON	476.68740901068037	37
каждый	каждый	DET	advmod	не	не	PART	_	_	_	_	476.68740901068037	37
дорого	дорогой	ADJ	advmod	не	не	PART	cc	и	и	CCONJ	463.8039655239052	36
мало	мало	ADV	advmod	не	не	PART	_	_	_	_	463.8039655239052	36
стоит	стоить	VERB	advmod	не	не	PART	cc	но	но	CCONJ	450.9205220371301	35
советую	советовать	VERB	advmod	не	не	PART	cc	и	и	CCONJ	438.0370785503549	34
помню	помнить	VERB	advmod	не	не	PART	_	_	_	_	438.0370785503549	34
везде	везде	ADV	advmod	не	не	PART	_	_	_	_	438.0370785503549	34
любитель	любитель	NOUN	advmod	не	не	PART	nsubj	я	я	PRON	425.15363506357977	33
хотите	хотеть	VERB	advmod	не	не	PART	mark	если	если	SCONJ	425.15363506357977	33
смогла	мочь	VERB	advmod	не	не	PART	nsubj	я	я	PRON	425.15363506357977	33
могу	мочь	VERB	advmod	не	не	PART	cc	и	и	CCONJ	412.2701915768047	32
говорю	говорить	VERB	advmod	не	не	PART	nsubj	я	я	PRON	412.2701915768047	32
такой	такой	DET	advmod	не	не	PART	_	_	_	_	412.2701915768047	32
знаю	знать	VERB	advmod	не	не	PART	cc	и	и	CCONJ	412.2701915768047	32
большой	большой	ADJ	advmod	не	не	PART	_	_	_	_	412.2701915768047	32
хватает	хватать	VERB	advmod	не	не	PART	mark	что	что	SCONJ	399.38674809002947	31
всем	все	PRON	advmod	не	не	PART	_	_	_	_	399.38674809002947	31
ошибаюсь	ошибаться	VERB	advmod	не	не	PART	mark	если	если	SCONJ	399.38674809002947	31
то	то	PRON	advmod	не	не	PART	cc	но	но	CCONJ	399.38674809002947	31
то	то	PRON	advmod	не	не	PART	_	_	_	_	399.38674809002947	31
поняла	понять	VERB	advmod	не	не	PART	nsubj	я	я	PRON	386.5033046032544	30
было	быть	VERB	advmod	не	не	PART	mark	так	так	ADV	386.5033046032544	30
курящих	курить	VERB	advmod	не	не	PART	mark	для	для	ADP	386.5033046032544	30
первый	первый	ADJ	advmod	не	не	PART	obl	уже	уже	ADV	373.6198611164792	29
хочется	хотеться	VERB	advmod	не	не	PART	cc	и	и	CCONJ	360.736417629704	28
чем	что	PRON	advmod	не	не	PART	case	с	с	ADP	360.736417629704	28
хотелось	хотеться	VERB	advmod	не	не	PART	xcomp	уходить	уходить	VERB	360.736417629704	28
хотелось	хотеться	VERB	advmod	не	не	PART	cc	и	и	CCONJ	360.736417629704	28
большой	больший	ADJ	advmod	не	не	PART	_	_	_	_	347.85297414292893	27
пришлось	прийтись	VERB	advmod	не	не	PART	csubj	ждать	ждать	VERB	347.85297414292893	27
знаю	знать	VERB	advmod	не	не	PART	parataxis	ну	ну	PART	347.85297414292893	27
помню	помнить	VERB	advmod	не	не	PART	obj	название	название	NOUN	347.85297414292893	27
понял	понять	VERB	advmod	не	не	PART	nsubj	я	я	PRON	347.85297414292893	27
советую	советовать	VERB	advmod	не	не	PART	iobj	никому	никто	PRON	347.85297414292893	27
я	я	PRON	advmod	не	не	PART	_	_	_	_	347.85297414292893	27
раз	раз	NOUN	advmod	не	не	PART	obl	уже	уже	ADV	334.9695306561538	26
особенно	особенно	ADV	advmod	не	не	PART	_	_	_	_	334.9695306561538	26
&quot	&quot	X	advmod	не	не	PART	cc	а	а	CCONJ	334.9695306561538	26
правильно	правильно	ADV	advmod	не	не	PART	_	_	_	_	334.9695306561538	26
смогла	мочь	VERB	advmod	не	не	PART	cc	но	но	CCONJ	334.9695306561538	26
удалось	удаться	VERB	advmod	не	не	PART	cc	но	но	CCONJ	334.9695306561538	26
стала	стать	VERB	advmod	не	не	PART	nsubj	я	я	PRON	334.9695306561538	26
понравилось	понравиться	VERB	advmod	не	не	PART	cc	но	но	CCONJ	334.9695306561538	26
раз	раз	NOUN	advmod	не	не	PART	case	в	в	ADP	334.9695306561538	26
прогадали	прогадать	VERB	advmod	не	не	PART	cc	и	и	CCONJ	334.9695306561538	26
сказать	сказать	VERB	advmod	не	не	PART	obl	ничего	ничто	PRON	334.9695306561538	26
помню	помнить	VERB	advmod	не	не	PART	advmod	точно	точно	ADV	322.08608716937863	25
наш	наш	DET	advmod	не	не	PART	_	_	_	_	322.08608716937863	25
считать	считать	VERB	advmod	не	не	PART	mark	если	если	SCONJ	322.08608716937863	25
очень	очень	ADV	advmod	не	не	PART	discourse	то	то	PART	322.08608716937863	25
понравился	понравиться	VERB	advmod	не	не	PART	iobj	мне	я	PRON	309.2026436826035	24
так	так	ADV	advmod	не	не	PART	cc	но	но	CCONJ	309.2026436826035	24
&quot	&quot	X	advmod	не	не	PART	cc	но	но	CCONJ	309.2026436826035	24
то	тот	DET	advmod	не	не	PART	_	_	_	_	309.2026436826035	24
то	то	PRON	advmod	не	не	PART	fixed	что	что	SCONJ	309.2026436826035	24
хотелось	хотеться	VERB	advmod	не	не	PART	cc	но	но	CCONJ	309.2026436826035	24
ресторан	ресторан	NOUN	advmod	не	не	PART	nsubj	это	это	PRON	309.2026436826035	24
испортило	испортить	VERB	advmod	не	не	PART	cc	но	но	CCONJ	309.2026436826035	24
смотря	смотреть	VERB	advmod	не	не	PART	cc	и	и	CCONJ	296.3192001958284	23
успели	успеть	VERB	advmod	не	не	PART	nsubj	мы	мы	PRON	296.3192001958284	23
стоит	стоить	VERB	advmod	не	не	PART	mark	что	что	SCONJ	296.3192001958284	23
может	мочь	VERB	advmod	не	не	PART	nsubj	что	что	PRON	296.3192001958284	23
могла	мочь	VERB	advmod	не	не	PART	nsubj	я	я	PRON	296.3192001958284	23
ресторан	ресторан	NOUN	advmod	не	не	PART	cc	а	а	CCONJ	283.4357567090532	22
смогли	мочь	VERB	advmod	не	не	PART	cc	но	но	CCONJ	283.4357567090532	22
вполне	вполне	ADV	advmod	не	не	PART	_	_	_	_	283.4357567090532	22
знаю	знать	VERB	advmod	не	не	PART	advmod	как	как	ADV	283.4357567090532	22
тут	тут	ADV	advmod	не	не	PART	cc	но	но	CCONJ	283.4357567090532	22
может	мочь	VERB	advmod	не	не	PART	cc	но	но	CCONJ	283.4357567090532	22
самого	самый	ADJ	advmod	не	не	PART	_	_	_	_	283.4357567090532	22
может	мочь	VERB	advmod	не	не	PART	cc	и	и	CCONJ	283.4357567090532	22
хватило	хватить	VERB	advmod	не	не	PART	cc	но	но	CCONJ	283.4357567090532	22
пожалела	жалеть	VERB	advmod	не	не	PART	cc	и	и	CCONJ	283.4357567090532	22
понравился	понравиться	VERB	advmod	не	не	PART	nsubj	интерьер	интерьер	NOUN	283.4357567090532	22
буду	быть	AUX	advmod	не	не	PART	_	_	_	_	283.4357567090532	22
люблю	любить	VERB	advmod	не	не	PART	cc	но	но	CCONJ	283.4357567090532	22
было	быть	VERB	advmod	не	не	PART	mark	хотя	хотя	SCONJ	270.55231322227803	21
моя	мой	DET	advmod	не	не	PART	_	_	_	_	270.55231322227803	21
знаю	знать	VERB	advmod	не	не	PART	advmod	почему	почему	ADV	270.55231322227803	21
помню	помнить	VERB	advmod	не	не	PART	parataxis	сожалению	сожаление	NOUN	270.55231322227803	21
пойду	пойти	VERB	advmod	не	не	PART	cc	но	но	CCONJ	270.55231322227803	21
стала	стать	VERB	advmod	не	не	PART	cc	но	но	CCONJ	270.55231322227803	21
нравится	нравиться	VERB	advmod	не	не	PART	iobj	мне	я	PRON	270.55231322227803	21
ела	есть	VERB	advmod	не	не	PART	nsubj	я	я	PRON	270.55231322227803	21
один	один	NUM	advmod	не	не	PART	advmod	еще	еще	ADV	270.55231322227803	21
успела	успеть	VERB	advmod	не	не	PART	nsubj	я	я	PRON	270.55231322227803	21
работает	работать	VERB	advmod	не	не	PART	mark	что	что	SCONJ	270.55231322227803	21
ошиблись	ошибиться	VERB	advmod	не	не	PART	cc	и	и	CCONJ	257.66886973550294	20
надо	надо	ADV	advmod	не	не	PART	mark	что	что	SCONJ	257.66886973550294	20
стали	стать	VERB	advmod	не	не	PART	nsubj	мы	мы	PRON	257.66886973550294	20
знаю	знать	VERB	advmod	не	не	PART	cc	но	но	CCONJ	257.66886973550294	20
может	мочь	VERB	advmod	не	не	PART	xcomp	быть	быть	VERB	257.66886973550294	20
пойду	пойти	VERB	advmod	не	не	PART	obl	раз	раз	NOUN	257.66886973550294	20
было	быть	VERB	advmod	не	не	PART	nsubj	мест	место	NOUN	257.66886973550294	20
больше	больше	ADV	advmod	не	не	PART	_	_	_	_	257.66886973550294	20
этом	это	PRON	advmod	не	не	PART	cc	но	но	CCONJ	257.66886973550294	20
знает	знать	VERB	advmod	не	не	PART	mark	что	что	SCONJ	257.66886973550294	20
понятно	понятный	ADJ	advmod	не	не	PART	_	_	_	_	257.66886973550294	20
изменяет	изменять	VERB	advmod	не	не	PART	mark	если	если	SCONJ	257.66886973550294	20
помню	помнить	VERB	advmod	не	не	PART	advmod	уже	уже	ADV	257.66886973550294	20
хочется	хотеться	VERB	advmod	не	не	PART	cc	а	а	CCONJ	257.66886973550294	20
_	_	_	_	_	_	_	_	_	_	_	257.66886973550294	20
чем	что	PRON	advmod	не	не	PART	case	о	о	ADP	257.66886973550294	20
как	как	SCONJ	advmod	не	не	PART	_	_	_	_	244.78542624872773	19
стали	стать	VERB	advmod	не	не	PART	cc	и	и	CCONJ	244.78542624872773	19
надо	надо	ADV	advmod	не	не	PART	cc	а	а	CCONJ	244.78542624872773	19
стал	стать	VERB	advmod	не	не	PART	nsubj	я	я	PRON	244.78542624872773	19
напрягает	напрягать	VERB	advmod	не	не	PART	cc	но	но	CCONJ	244.78542624872773	19
понравилось	понравиться	VERB	advmod	не	не	PART	cc	и	и	CCONJ	244.78542624872773	19
ем	есть	VERB	advmod	не	не	PART	nsubj	я	я	PRON	244.78542624872773	19
достаточно	достаточно	ADV	advmod	не	не	PART	_	_	_	_	244.78542624872773	19
посоветую	советовать	VERB	advmod	не	не	PART	cc	и	и	CCONJ	244.78542624872773	19
могу	мочь	VERB	advmod	не	не	PART	mark	что	что	SCONJ	244.78542624872773	19
приходилось	приходиться	VERB	advmod	не	не	PART	csubj	ждать	ждать	VERB	244.78542624872773	19
удалось	удаться	VERB	advmod	не	не	PART	mark	что	что	SCONJ	231.9019827619526	18
большое	больший	ADJ	advmod	не	не	PART	nsubj	меню	меню	NOUN	231.9019827619526	18
смогла	мочь	VERB	advmod	не	не	PART	mark	что	что	SCONJ	231.9019827619526	18
понравился	понравиться	VERB	advmod	не	не	PART	_	_	_	_	231.9019827619526	18
так	так	ADV	advmod	не	не	PART	fixed	как	как	SCONJ	231.9019827619526	18
люблю	любить	VERB	advmod	не	не	PART	cc	а	а	CCONJ	231.9019827619526	18
пойду	пойти	VERB	advmod	не	не	PART	advmod	никогда	никогда	ADV	231.9019827619526	18
встретил	встретить	VERB	advmod	не	не	PART	obl	входе	вход	NOUN	231.9019827619526	18
могут	мочь	VERB	advmod	не	не	PART	mark	что	что	SCONJ	231.9019827619526	18
мешает	мешать	VERB	advmod	не	не	PART	cc	но	но	CCONJ	231.9019827619526	18
портит	портить	VERB	advmod	не	не	PART	cc	но	но	CCONJ	231.9019827619526	18
впечатлил	впечатлять	VERB	advmod	не	не	PART	nsubj	интерьер	интерьер	NOUN	231.9019827619526	18
зря	зря	ADV	advmod	не	не	PART	cc	и	и	CCONJ	231.9019827619526	18
помню	помнить	VERB	advmod	не	не	PART	nsubj	название	название	NOUN	231.9019827619526	18
было	быть	VERB	advmod	не	не	PART	_	_	_	_	231.9019827619526	18
самым	самый	ADJ	advmod	не	не	PART	_	_	_	_	231.9019827619526	18
стали	стать	VERB	advmod	не	не	PART	cc	но	но	CCONJ	231.9019827619526	18
ожидала	ожидать	VERB	advmod	не	не	PART	nsubj	я	я	PRON	231.9019827619526	18
так	так	ADV	advmod	не	не	PART	mark	что	что	SCONJ	231.9019827619526	18
хватало	хватать	VERB	advmod	не	не	PART	cc	но	но	CCONJ	219.01853927517746	17
видел	видеть	VERB	advmod	не	не	PART	nsubj	я	я	PRON	219.01853927517746	17
восторге	восторг	NOUN	advmod	не	не	PART	case	в	в	ADP	219.01853927517746	17
тянет	тянуть	VERB	advmod	не	не	PART	cc	но	но	CCONJ	219.01853927517746	17
хочется	хотеться	VERB	advmod	не	не	PART	mark	что	что	SCONJ	219.01853927517746	17
вызывает	вызывать	VERB	advmod	не	не	PART	cc	но	но	CCONJ	219.01853927517746	17
нужно	нужный	ADJ	advmod	не	не	PART	mark	что	что	SCONJ	219.01853927517746	17
хочу	хотеть	VERB	advmod	не	не	PART	nsubj	я	я	PRON	219.01853927517746	17
ресторане	ресторан	NOUN	advmod	не	не	PART	case	в	в	ADP	219.01853927517746	17
конца	конец	NOUN	advmod	не	не	PART	case	до	до	ADP	219.01853927517746	17
понятно	понятный	ADJ	advmod	не	не	PART	cc	и	и	CCONJ	219.01853927517746	17
их	их	DET	advmod	не	не	PART	_	_	_	_	219.01853927517746	17
получалось	получаться	VERB	advmod	не	не	PART	cc	но	но	CCONJ	219.01853927517746	17
вкусно	вкусный	ADJ	advmod	не	не	PART	cc	и	и	CCONJ	219.01853927517746	17
знает	знать	VERB	advmod	не	не	PART	nsubj	кто	кто	PRON	219.01853927517746	17
курят	курить	VERB	advmod	не	не	PART	mark	что	что	SCONJ	219.01853927517746	17
разу	раз	NOUN	advmod	не	не	PART	_	_	_	_	219.01853927517746	17
хочется	хотеться	VERB	advmod	не	не	PART	xcomp	уходить	уходить	VERB	219.01853927517746	17
стоит	стоить	VERB	advmod	не	не	PART	cc	и	и	CCONJ	219.01853927517746	17
знаю	знать	VERB	advmod	не	не	PART	cc	а	а	CCONJ	219.01853927517746	17
пробовала	пробовать	VERB	advmod	не	не	PART	nsubj	я	я	PRON	219.01853927517746	17
встречает	встречать	VERB	advmod	не	не	PART	nsubj	никто	никто	PRON	219.01853927517746	17
плохое	плохой	ADJ	advmod	не	не	PART	_	_	_	_	206.13509578840234	16
видела	видеть	VERB	advmod	не	не	PART	nsubj	я	я	PRON	206.13509578840234	16
бывает	бывать	VERB	advmod	не	не	PART	cc	но	но	CCONJ	206.13509578840234	16
это	это	PRON	advmod	не	не	PART	_	_	_	_	206.13509578840234	16
помню	помнить	VERB	advmod	не	не	PART	cc	но	но	CCONJ	206.13509578840234	16
все	все	PRON	advmod	не	не	PART	cc	но	но	CCONJ	206.13509578840234	16
было	быть	VERB	advmod	не	не	PART	mark	когда	когда	SCONJ	206.13509578840234	16
понравилось	понравиться	VERB	advmod	не	не	PART	cc	а	а	CCONJ	206.13509578840234	16
всё	все	PRON	advmod	не	не	PART	_	_	_	_	206.13509578840234	16
потому	потому	ADV	advmod	не	не	PART	fixed	что	что	SCONJ	206.13509578840234	16
&quot	&quot	X	advmod	не	не	PART	cc	и	и	CCONJ	206.13509578840234	16
поняли	понять	VERB	advmod	не	не	PART	nsubj	мы	мы	PRON	206.13509578840234	16
надо	надо	ADV	advmod	не	не	PART	_	_	_	_	206.13509578840234	16
люблю	любить	VERB	advmod	не	не	PART	mark	что	что	SCONJ	206.13509578840234	16
мое	мой	DET	advmod	не	не	PART	cc	но	но	CCONJ	206.13509578840234	16
вкусно	вкусный	ADJ	advmod	не	не	PART	_	_	_	_	206.13509578840234	16
могу	мочь	VERB	advmod	не	не	PART	xcomp	отметить	отметить	VERB	206.13509578840234	16
повезло	везти	VERB	advmod	не	не	PART	parataxis	может	мочь	VERB	206.13509578840234	16
было	быть	VERB	advmod	не	не	PART	mark	если	если	SCONJ	206.13509578840234	16
могу	мочь	VERB	advmod	не	не	PART	advmod	поэтому	поэтому	ADV	206.13509578840234	16
раздражает	раздражать	VERB	advmod	не	не	PART	cc	но	но	CCONJ	193.2516523016272	15
получилось	получиться	VERB	advmod	не	не	PART	_	_	_	_	193.2516523016272	15
заказывали	заказывать	VERB	advmod	не	не	PART	mark	что	что	SCONJ	193.2516523016272	15
надо	надо	ADV	advmod	не	не	PART	cc	но	но	CCONJ	193.2516523016272	15
могу	мочь	VERB	advmod	не	не	PART	xcomp	оценить	оценить	VERB	193.2516523016272	15
плохая	плохой	ADJ	advmod	не	не	PART	_	_	_	_	193.2516523016272	15
сказать	сказать	VERB	advmod	не	не	PART	mark	если	если	SCONJ	193.2516523016272	15
мог	мочь	VERB	advmod	не	не	PART	cc	и	и	CCONJ	193.2516523016272	15
нужно	нужный	ADJ	advmod	не	не	PART	cc	и	и	CCONJ	193.2516523016272	15
такая	такой	DET	advmod	не	не	PART	_	_	_	_	193.2516523016272	15
было	быть	VERB	advmod	не	не	PART	obl	нас	мы	PRON	193.2516523016272	15
хотелось	хотеться	VERB	advmod	не	не	PART	mark	что	что	SCONJ	193.2516523016272	15
очень	очень	ADV	advmod	не	не	PART	cc	а	а	CCONJ	193.2516523016272	15
понравилось	понравиться	VERB	advmod	не	не	PART	nsubj	обслуживание	обслуживание	NOUN	193.2516523016272	15
тут	тут	ADV	advmod	не	не	PART	_	_	_	_	193.2516523016272	15
могут	мочь	VERB	advmod	не	не	PART	cc	и	и	CCONJ	193.2516523016272	15
понимаю	понимать	VERB	advmod	не	не	PART	cc	и	и	CCONJ	193.2516523016272	15
меньше	мало	NUM	advmod	не	не	PART	_	_	_	_	193.2516523016272	15
смотря	смотреть	VERB	advmod	не	не	PART	cc	но	но	CCONJ	193.2516523016272	15
раз	раз	NOUN	advmod	не	не	PART	obl	ещё	еще	ADV	193.2516523016272	15
принесли	принести	VERB	advmod	не	не	PART	mark	что	что	SCONJ	193.2516523016272	15
могу	мочь	VERB	advmod	не	не	PART	cc	а	а	CCONJ	193.2516523016272	15
понимаю	понимать	VERB	advmod	не	не	PART	_	_	_	_	193.2516523016272	15
ресторан	ресторан	NOUN	advmod	не	не	PART	cc	но	но	CCONJ	193.2516523016272	15
принесли	принести	VERB	advmod	не	не	PART	cc	но	но	CCONJ	193.2516523016272	15
плохой	плохой	ADJ	advmod	не	не	PART	_	_	_	_	193.2516523016272	15
было	быть	VERB	advmod	не	не	PART	nsubj	ничего	ничто	PRON	193.2516523016272	15
путаю	путать	VERB	advmod	не	не	PART	mark	если	если	SCONJ	193.2516523016272	15
настолько	настолько	ADV	advmod	не	не	PART	_	_	_	_	180.368208814852	14
навязчиво	навязчиво	ADV	advmod	не	не	PART	_	_	_	_	180.368208814852	14
знает	знать	VERB	advmod	не	не	PART	cc	и	и	CCONJ	180.368208814852	14
оказалось	оказаться	VERB	advmod	не	не	PART	mark	что	что	SCONJ	180.368208814852	14
скажу	сказать	VERB	advmod	не	не	PART	cc	но	но	CCONJ	180.368208814852	14
соответствует	соответствовать	VERB	advmod	не	не	PART	mark	что	что	SCONJ	180.368208814852	14
было	быть	VERB	advmod	не	не	PART	mark	чтобы	чтобы	SCONJ	180.368208814852	14
скажешь	сказать	VERB	advmod	не	не	PART	obl	чего	что	PRON	180.368208814852	14
чему	что	PRON	advmod	не	не	PART	csubj	придраться	придраться	VERB	180.368208814852	14
рекомендую	рекомендой	VERB	advmod	не	не	PART	_	_	_	_	180.368208814852	14
понравилось	понравиться	VERB	advmod	не	не	PART	iobj	нам	мы	PRON	180.368208814852	14
получилось	получиться	VERB	advmod	не	не	PART	cc	но	но	CCONJ	180.368208814852	14
хватает	хватать	VERB	advmod	не	не	PART	cc	и	и	CCONJ	180.368208814852	14
курящий	курить	VERB	advmod	не	не	PART	_	_	_	_	180.368208814852	14
мог	мочь	VERB	advmod	не	не	PART	cc	но	но	CCONJ	180.368208814852	14
те	тот	DET	advmod	не	не	PART	_	_	_	_	180.368208814852	14
видела	видеть	VERB	advmod	не	не	PART	cc	но	но	CCONJ	180.368208814852	14
сторону	сторона	NOUN	advmod	не	не	PART	case	в	в	ADP	180.368208814852	14
та	тот	DET	advmod	не	не	PART	_	_	_	_	180.368208814852	14
ела	есть	VERB	advmod	не	не	PART	advmod	давно	давно	ADV	180.368208814852	14
что	что	PRON	advmod	не	не	PART	case	на	на	ADP	180.368208814852	14
будет	быть	VERB	advmod	не	не	PART	cc	и	и	CCONJ	180.368208814852	14
нравится	нравиться	VERB	advmod	не	не	PART	mark	если	если	SCONJ	180.368208814852	14
тут	тут-то	ADV	advmod	не	не	PART	discourse	то	то	PART	167.4847653280769	13
1	1	NUM	advmod	не	не	PART	cc	а	а	CCONJ	167.4847653280769	13
навязчивое	навязчивый	ADJ	advmod	не	не	PART	_	_	_	_	167.4847653280769	13
хватило	хватить	VERB	advmod	не	не	PART	iobj	мне	я	PRON	167.4847653280769	13
пришлось	прийтись	VERB	advmod	не	не	PART	mark	так	так	ADV	167.4847653280769	13
плохой	плохой	ADJ	advmod	не	не	PART	nsubj	интерьер	интерьер	NOUN	167.4847653280769	13
иначе	иначе	ADV	advmod	не	не	PART	_	_	_	_	167.4847653280769	13
могли	мочь	VERB	advmod	не	не	PART	cc	и	и	CCONJ	167.4847653280769	13
оказалось	оказаться	VERB	advmod	не	не	PART	nsubj	его	он	PRON	167.4847653280769	13
смотря	смотреть	VERB	advmod	не	не	PART	obl	это	это	PRON	167.4847653280769	13
давно	давно	ADV	advmod	не	не	PART	_	_	_	_	167.4847653280769	13
хотелось	хотеться	VERB	advmod	не	не	PART	aux	бы	бы	AUX	167.4847653280769	13
брать	брать	VERB	advmod	не	не	PART	mark	если	если	SCONJ	167.4847653280769	13
получили	получить	VERB	advmod	не	не	PART	cc	но	но	CCONJ	167.4847653280769	13
разочаровались	разочароваться	VERB	advmod	не	не	PART	cc	и	и	CCONJ	167.4847653280769	13
шутку	шутка	NOUN	advmod	не	не	PART	case	на	на	ADP	167.4847653280769	13
мне	я	PRON	advmod	не	не	PART	_	_	_	_	167.4847653280769	13
пожалели	жалеть	VERB	advmod	не	не	PART	cc	но	но	CCONJ	167.4847653280769	13
туда	туда	ADV	advmod	не	не	PART	_	_	_	_	167.4847653280769	13
знала	знать	VERB	advmod	не	не	PART	nsubj	я	я	PRON	167.4847653280769	13
повезло	везти	VERB	advmod	не	не	PART	iobj	мне	я	PRON	167.4847653280769	13
ел	есть	VERB	advmod	не	не	PART	advmod	давно	давно	ADV	167.4847653280769	13
ела	есть	VERB	advmod	не	не	PART	mark	что	что	SCONJ	167.4847653280769	13
имеет	иметь	VERB	advmod	не	не	PART	mark	что	что	SCONJ	167.4847653280769	13
смог	мочь	VERB	advmod	не	не	PART	nsubj	я	я	PRON	167.4847653280769	13
заметила	заметить	VERB	advmod	не	не	PART	cc	но	но	CCONJ	167.4847653280769	13
пойду	пойти	VERB	advmod	не	не	PART	mark	что	что	SCONJ	167.4847653280769	13
лучший	лучший	ADJ	advmod	не	не	PART	_	_	_	_	167.4847653280769	13
весь	весь	DET	advmod	не	не	PART	_	_	_	_	167.4847653280769	13
подошел	подойти	VERB	advmod	не	не	PART	nsubj	никто	никто	PRON	167.4847653280769	13
нравится	нравиться	VERB	advmod	не	не	PART	mark	что	что	SCONJ	167.4847653280769	13
было	быть	VERB	advmod	не	не	PART	nsubj	проблем	проблема	NOUN	167.4847653280769	13
такое	такой	DET	advmod	не	не	PART	_	_	_	_	167.4847653280769	13
понял	понять	VERB	advmod	не	не	PART	advmod	так	так	ADV	154.60132184130174	12
дождавшись	дожидаться	VERB	advmod	не	не	PART	advmod	так	так	ADV	154.60132184130174	12
кусаются	кусаться	VERB	advmod	не	не	PART	nsubj	цены	цена	NOUN	154.60132184130174	12
чего	что	PRON	advmod	не	не	PART	_	_	_	_	154.60132184130174	12
одно	один	NUM	advmod	не	не	PART	_	_	_	_	154.60132184130174	12
очень	очень	ADV	advmod	не	не	PART	cc	но	но	CCONJ	154.60132184130174	12
понравился	понравиться	VERB	advmod	не	не	PART	cc	но	но	CCONJ	154.60132184130174	12
запомнила	запомнить	VERB	advmod	не	не	PART	parataxis	сожалению	сожаление	NOUN	154.60132184130174	12
видел	видеть	VERB	advmod	не	не	PART	cc	но	но	CCONJ	154.60132184130174	12
самых	самый	ADJ	advmod	не	не	PART	_	_	_	_	154.60132184130174	12
смог	мочь	VERB	advmod	не	не	PART	cc	но	но	CCONJ	154.60132184130174	12
могу	мочь	VERB	advmod	не	не	PART	xcomp	назвать	назвать	VERB	154.60132184130174	12
против	против	ADV	advmod	не	не	PART	nsubj	я	я	PRON	154.60132184130174	12
смогли	мочь	VERB	advmod	не	не	PART	cc	и	и	CCONJ	154.60132184130174	12
должно	должен	ADJ	advmod	не	не	PART	mark	что	что	SCONJ	154.60132184130174	12
пойду	пойти	VERB	advmod	не	не	PART	cc	и	и	CCONJ	154.60132184130174	12
придем	прийти	VERB	advmod	не	не	PART	advmod	больше	больше	ADV	154.60132184130174	12
критично	критичный	ADJ	advmod	не	не	PART	cc	но	но	CCONJ	154.60132184130174	12
дотягивает	дотягивать	VERB	advmod	не	не	PART	cc	но	но	CCONJ	154.60132184130174	12
было	быть	VERB	advmod	не	не	PART	advmod	поэтому	поэтому	ADV	154.60132184130174	12
могли	мочь	VERB	advmod	не	не	PART	nsubj	мы	мы	PRON	154.60132184130174	12
случайно	случайно	ADV	advmod	не	не	PART	_	_	_	_	154.60132184130174	12
курсе	курс	NOUN	advmod	не	не	PART	case	в	в	ADP	154.60132184130174	12
главное	главное	NOUN	advmod	не	не	PART	cc	но	но	CCONJ	154.60132184130174	12
сказала	сказать	VERB	advmod	не	не	PART	nsubj	я	я	PRON	154.60132184130174	12
вызвал	вызвать	VERB	advmod	не	не	PART	cc	но	но	CCONJ	154.60132184130174	12
встречала	встречать	VERB	advmod	не	не	PART	nsubj	я	я	PRON	154.60132184130174	12
много	много	ADV	advmod	не	не	PART	cc	и	и	CCONJ	154.60132184130174	12
знаю	знать	VERB	advmod	не	не	PART	cc	или	или	CCONJ	154.60132184130174	12
помню	помнить	VERB	advmod	не	не	PART	obl	названия	название	NOUN	154.60132184130174	12
хочу	хотеть	VERB	advmod	не	не	PART	cc	и	и	CCONJ	154.60132184130174	12
хотелось	хотеться	VERB	advmod	не	не	PART	cc	а	а	CCONJ	154.60132184130174	12
напрягает	напрягать	VERB	advmod	не	не	PART	cc	и	и	CCONJ	154.60132184130174	12
чего	что	PRON	advmod	не	не	PART	case	из	из	ADP	154.60132184130174	12
ресторан	ресторан	NOUN	advmod	не	не	PART	_	_	_	_	154.60132184130174	12
пахнет	пахнуть	VERB	advmod	не	не	PART	cc	и	и	CCONJ	154.60132184130174	12
вкусно	вкусно	ADV	advmod	не	не	PART	_	_	_	_	154.60132184130174	12
было	быть	VERB	advmod	не	не	PART	nsubj	народу	народ	NOUN	154.60132184130174	12
могу	мочь	VERB	advmod	не	не	PART	mark	так	так	ADV	154.60132184130174	12
очень	очень	ADV	advmod	не	не	PART	cc	и	и	CCONJ	154.60132184130174	12
дождались	дожидаться	VERB	advmod	не	не	PART	cc	но	но	CCONJ	154.60132184130174	12
принесли	принести	VERB	advmod	не	не	PART	cc	а	а	CCONJ	154.60132184130174	12
более	более	ADV	advmod	не	не	PART	cc	и	и	CCONJ	154.60132184130174	12
возникло	возникнуть	VERB	advmod	не	не	PART	cc	но	но	CCONJ	154.60132184130174	12
нравится	нравиться	VERB	advmod	не	не	PART	cc	но	но	CCONJ	141.7178783545266	11
очень	очень	ADV	advmod	не	не	PART	iobj	мне	я	PRON	141.7178783545266	11
было	быть	VERB	advmod	не	не	PART	mark	потому	потому	ADV	141.7178783545266	11
могли	мочь	VERB	advmod	не	не	PART	cc	но	но	CCONJ	141.7178783545266	11
этим	это	PRON	advmod	не	не	PART	case	за	за	ADP	141.7178783545266	11
могло	мочь	VERB	advmod	не	не	PART	mark	что	что	SCONJ	141.7178783545266	11
больше	больше	ADV	advmod	не	не	PART	cc	но	но	CCONJ	141.7178783545266	11
наоборот	наоборот	ADV	advmod	не	не	PART	cc	а	а	CCONJ	141.7178783545266	11
стали	стать	VERB	advmod	не	не	PART	mark	что	что	SCONJ	141.7178783545266	11
осталось	остаться	VERB	advmod	не	не	PART	cc	но	но	CCONJ	141.7178783545266	11
пожалели	жалеть	VERB	advmod	не	не	PART	nsubj	мы	мы	PRON	141.7178783545266	11
айс	айс	NOUN	advmod	не	не	PART	_	_	_	_	141.7178783545266	11
любит	любить	VERB	advmod	не	не	PART	nsubj	кто	кто	PRON	141.7178783545266	11
поеду	поехать	VERB	advmod	не	не	PART	advmod	специально	специально	ADV	141.7178783545266	11
сказал	сказать	VERB	advmod	не	не	PART	nsubj	я	я	PRON	141.7178783545266	11
смотря	смотреть	VERB	advmod	не	не	PART	advmod	даже	даже	PART	141.7178783545266	11
смогли	мочь	VERB	advmod	не	не	PART	mark	что	что	SCONJ	141.7178783545266	11
повезло	везти	VERB	advmod	не	не	PART	mark	что	что	SCONJ	141.7178783545266	11
знаю	знать	VERB	advmod	не	не	PART	parataxis	сожалению	сожаление	NOUN	141.7178783545266	11
было	быть	VERB	advmod	не	не	PART	advmod	т.	так	ADV	141.7178783545266	11
встретил	встретить	VERB	advmod	не	не	PART	nsubj	никто	никто	PRON	141.7178783545266	11
люблю	любить	VERB	advmod	не	не	PART	_	_	_	_	141.7178783545266	11
смысле	смысл	NOUN	advmod	не	не	PART	case	в	в	ADP	141.7178783545266	11
плохие	плохой	ADJ	advmod	не	не	PART	_	_	_	_	141.7178783545266	11
побоюсь	боться	VERB	advmod	не	не	PART	obl	слова	слово	NOUN	141.7178783545266	11
ошиблась	ошибться	VERB	advmod	не	не	PART	cc	и	и	CCONJ	141.7178783545266	11
пойдём	пойдё	VERB	advmod	не	не	PART	advmod	больше	больше	ADV	141.7178783545266	11
мешает	мешать	VERB	advmod	не	не	PART	nsubj	никто	никто	PRON	141.7178783545266	11
люблю	любить	VERB	advmod	не	не	PART	cc	и	и	CCONJ	141.7178783545266	11
могу	мочь	VERB	advmod	не	не	PART	xcomp	понять	понять	VERB	141.7178783545266	11
может	мочь	VERB	advmod	не	не	PART	nsubj	это	это	PRON	141.7178783545266	11
советуем	советовать	VERB	advmod	не	не	PART	cc	и	и	CCONJ	141.7178783545266	11
обязательно	обязательно	ADV	advmod	не	не	PART	_	_	_	_	141.7178783545266	11
стали	стать	VERB	advmod	не	не	PART	advmod	поэтому	поэтому	ADV	128.83443486775147	10
курящих	курить	VERB	advmod	не	не	PART	cc	и	и	CCONJ	128.83443486775147	10
заметила	заметить	VERB	advmod	не	не	PART	cc	и	и	CCONJ	128.83443486775147	10
писать	писать	VERB	advmod	не	не	PART	aux	буду	быть	AUX	128.83443486775147	10
уверен	уверенный	ADJ	advmod	не	не	PART	cc	но	но	CCONJ	128.83443486775147	10
одновременно	одновременно	ADV	advmod	не	не	PART	_	_	_	_	128.83443486775147	10
одного	один	NUM	advmod	не	не	PART	_	_	_	_	128.83443486775147	10
таким	такой	DET	advmod	не	не	PART	_	_	_	_	128.83443486775147	10
могла	мочь	VERB	advmod	не	не	PART	cc	но	но	CCONJ	128.83443486775147	10
правда	правда	NOUN	advmod	не	не	PART	advmod	ли	ли	PART	128.83443486775147	10
помню	помнить	VERB	advmod	не	не	PART	cc	а	а	CCONJ	128.83443486775147	10
могу	мочь	VERB	advmod	не	не	PART	parataxis	ну	ну	PART	128.83443486775147	10
хотелось	хотеться	VERB	advmod	не	не	PART	iobj	мне	я	PRON	128.83443486775147	10
порадовать	радовать	VERB	advmod	не	не	PART	_	_	_	_	128.83443486775147	10
советую	советовать	VERB	advmod	не	не	PART	_	_	_	_	128.83443486775147	10
принесли	принести	VERB	advmod	не	не	PART	cc	и	и	CCONJ	128.83443486775147	10
помешало	мешать	VERB	advmod	не	не	PART	cc	но	но	CCONJ	128.83443486775147	10
вызвало	вызвать	VERB	advmod	не	не	PART	cc	но	но	CCONJ	128.83443486775147	10
стану	стать	VERB	advmod	не	не	PART	cc	но	но	CCONJ	128.83443486775147	10
знаю	знать	VERB	advmod	не	не	PART	obl	чем	что	PRON	128.83443486775147	10
страшно	страшный	ADJ	advmod	не	не	PART	cc	но	но	CCONJ	128.83443486775147	10
много	много	ADV	advmod	не	не	PART	nsubj	посетителей	посетитель	NOUN	128.83443486775147	10
то	то	PRON	advmod	не	не	PART	cc	и	и	CCONJ	128.83443486775147	10
вкусная	вкусный	ADJ	advmod	не	не	PART	nsubj	еда	еда	NOUN	128.83443486775147	10
скоро	скоро	ADV	advmod	не	не	PART	_	_	_	_	128.83443486775147	10
помню	помнить	VERB	advmod	не	не	PART	cc	и	и	CCONJ	128.83443486775147	10
знают	знать	VERB	advmod	не	не	PART	nsubj	официанты	официант	NOUN	128.83443486775147	10
вкусно	вкусный	ADJ	advmod	не	не	PART	cc	но	но	CCONJ	128.83443486775147	10
заказывали	заказывать	VERB	advmod	не	не	PART	nsubj	столик	столик	NOUN	128.83443486775147	10
было	быть	VERB	advmod	не	не	PART	nsubj	претензий	претензия	NOUN	128.83443486775147	10
бывает	бывать	VERB	advmod	не	не	PART	mark	что	что	SCONJ	128.83443486775147	10
важно	важный	ADJ	advmod	не	не	PART	cc	но	но	CCONJ	128.83443486775147	10
то	то	PRON	advmod	не	не	PART	fixed	чтобы	чтобы	SCONJ	128.83443486775147	10
изменилось	измениться	VERB	advmod	не	не	PART	nsubj	ничего	ничто	PRON	128.83443486775147	10
маленькие	маленький	ADJ	advmod	не	не	PART	nsubj	порции	порция	NOUN	128.83443486775147	10
смог	мочь	VERB	advmod	не	не	PART	cc	и	и	CCONJ	128.83443486775147	10
видели	видеть	VERB	advmod	не	не	PART	nsubj	мы	мы	PRON	128.83443486775147	10
смутило	смутить	VERB	advmod	не	не	PART	cc	но	но	CCONJ	128.83443486775147	10
пробовала	пробовать	VERB	advmod	не	не	PART	cc	но	но	CCONJ	128.83443486775147	10
так	так	ADV	advmod	не	не	PART	advmod	уже	уже	ADV	128.83443486775147	10
было	быть	VERB	advmod	не	не	PART	obl	меня	я	PRON	128.83443486775147	10
степени	степень	NOUN	advmod	не	не	PART	cc	но	но	CCONJ	128.83443486775147	10
было	быть	VERB	advmod	не	не	PART	mark	поскольку	поскольку	SCONJ	128.83443486775147	10
маленький	маленький	ADJ	advmod	не	не	PART	_	_	_	_	128.83443486775147	10
раза	раз	NOUN	advmod	не	не	PART	case	с	с	ADP	128.83443486775147	10
навязчивое	навязчивый	ADJ	advmod	не	не	PART	cc	и	и	CCONJ	128.83443486775147	10
блещет	блетать	VERB	advmod	не	не	PART	nsubj	меню	меню	NOUN	128.83443486775147	10
ела	есть	VERB	advmod	не	не	PART	cc	но	но	CCONJ	128.83443486775147	10
очень	очень	ADV	advmod	не	не	PART	mark	что	что	SCONJ	128.83443486775147	10
дорого	дорогой	ADV	advmod	не	не	PART	_	_	_	_	128.83443486775147	10
пожалели	жалеть	VERB	advmod	не	не	PART	_	_	_	_	128.83443486775147	10
того	то	PRON	advmod	не	не	PART	case	для	для	ADP	128.83443486775147	10
самой	самый	ADJ	advmod	не	не	PART	_	_	_	_	128.83443486775147	10
не	не	PART	advmod	не	не	PART	_	_	_	_	128.83443486775147	10
скажешь	сказать	VERB	advmod	не	не	PART	obl	ничего	ничто	PRON	128.83443486775147	10
буду	быть	AUX	advmod	не	не	PART	cc	но	но	CCONJ	128.83443486775147	10
все	все	DET	advmod	не	не	PART	_	_	_	_	128.83443486775147	10
хватает	хватать	VERB	advmod	не	не	PART	nsubj	чего	что	PRON	128.83443486775147	10
уютно	уютный	ADJ	advmod	не	не	PART	_	_	_	_	128.83443486775147	10
знаю	знать	VERB	advmod	не	не	PART	advmod	поэтому	поэтому	ADV	128.83443486775147	10
смогу	мочь	VERB	advmod	не	не	PART	mark	что	что	SCONJ	128.83443486775147	10
ожидала	ожидать	VERB	advmod	не	не	PART	_	_	_	_	128.83443486775147	10
плане	план	NOUN	advmod	не	не	PART	case	в	в	ADP	128.83443486775147	10
могу	мочь	VERB	advmod	не	не	PART	parataxis	сказать	сказать	VERB	128.83443486775147	10
только	только	PART	advmod	не	не	PART	advmod	и	и	CCONJ	128.83443486775147	10
понравилось	понравиться	VERB	advmod	не	не	PART	advmod	очень	очень	ADV	128.83443486775147	10
смогла	мочь	VERB	advmod	не	не	PART	cc	и	и	CCONJ	128.83443486775147	10
понял	понять	VERB	advmod	не	не	PART	cc	но	но	CCONJ	128.83443486775147	10
осталось	остаться	VERB	advmod	не	не	PART	mark	что	что	SCONJ	128.83443486775147	10
большое	больший	ADJ	advmod	не	не	PART	_	_	_	_	128.83443486775147	10
обращая	обращать	VERB	advmod	не	не	PART	obl	внимания	внимание	NOUN	128.83443486775147	10
мешает	мешать	VERB	advmod	не	не	PART	cc	и	и	CCONJ	128.83443486775147	10
шибко	шибко	ADV	advmod	не	не	PART	_	_	_	_	128.83443486775147	10
помню	помнить	VERB	advmod	не	не	PART	nsubj	я	я	PRON	128.83443486775147	10
думала	думать	VERB	advmod	не	не	PART	advmod	никогда	никогда	ADV	128.83443486775147	10
вдаваться	вдаваться	VERB	advmod	не	не	PART	aux:pass	буду	быть	AUX	115.9509913809763	9
имеют	иметь	VERB	advmod	не	не	PART	mark	что	что	SCONJ	115.9509913809763	9
всегда	всегда	ADV	advmod	не	не	PART	cc	но	но	CCONJ	115.9509913809763	9
такие	такой	DET	advmod	не	не	PART	_	_	_	_	115.9509913809763	9
разбираюсь	разбираться	VERB	advmod	не	не	PART	nsubj	я	я	PRON	115.9509913809763	9
1	1	NUM	advmod	не	не	PART	cc	но	но	CCONJ	115.9509913809763	9
ходить	ходить	VERB	advmod	не	не	PART	_	_	_	_	115.9509913809763	9
мешали	мешать	VERB	advmod	не	не	PART	cc	и	и	CCONJ	115.9509913809763	9
большие	больший	ADJ	advmod	не	не	PART	nsubj	порции	порция	NOUN	115.9509913809763	9
описывать	описывать	VERB	advmod	не	не	PART	aux	буду	быть	AUX	115.9509913809763	9
этот	этот	DET	advmod	не	не	PART	_	_	_	_	115.9509913809763	9
люблю	любить	VERB	advmod	не	не	PART	parataxis	ну	ну	PART	115.9509913809763	9
поняла	понять	VERB	advmod	не	не	PART	mark	что	что	SCONJ	115.9509913809763	9
говорить	говорить	VERB	advmod	не	не	PART	aux	буду	быть	AUX	115.9509913809763	9
то	то	PRON	advmod	не	не	PART	cc	а	а	CCONJ	115.9509913809763	9
жалко	жалко	ADV	advmod	не	не	PART	iobj	мне	я	PRON	115.9509913809763	9
так	так	ADV	advmod	не	не	PART	cc	а	а	CCONJ	115.9509913809763	9
рекомендую	рекомендой	VERB	advmod	не	не	PART	iobj	никому	никто	PRON	115.9509913809763	9
забыла	забыть	VERB	advmod	не	не	PART	advmod	чуть	чуть	ADV	115.9509913809763	9
значит	значить	VERB	advmod	не	не	PART	cc	но	но	CCONJ	115.9509913809763	9
видели	видеть	VERB	advmod	не	не	PART	cc	и	и	CCONJ	115.9509913809763	9
последний	последний	ADJ	advmod	не	не	PART	_	_	_	_	115.9509913809763	9
стал	стать	VERB	advmod	не	не	PART	cc	но	но	CCONJ	115.9509913809763	9
приходится	приходиться	VERB	advmod	не	не	PART	cc	но	но	CCONJ	115.9509913809763	9
пробовал	пробовать	VERB	advmod	не	не	PART	nsubj	я	я	PRON	115.9509913809763	9
хватает	хватать	VERB	advmod	не	не	PART	cc	а	а	CCONJ	115.9509913809763	9
большие	больший	ADJ	advmod	не	не	PART	_	_	_	_	115.9509913809763	9
острый	острый	ADJ	advmod	не	не	PART	_	_	_	_	115.9509913809763	9
тот	тот	DET	advmod	не	не	PART	cc	но	но	CCONJ	115.9509913809763	9
то	то	DET	advmod	не	не	PART	_	_	_	_	115.9509913809763	9
ошибся	ошибиться	VERB	advmod	не	не	PART	cc	и	и	CCONJ	115.9509913809763	9
заметил	заметить	VERB	advmod	не	не	PART	cc	и	и	CCONJ	115.9509913809763	9
ел	есть	VERB	advmod	не	не	PART	nsubj	я	я	PRON	115.9509913809763	9
понравился	понравиться	VERB	advmod	не	не	PART	cc	а	а	CCONJ	115.9509913809763	9
ресторан	ресторан	NOUN	advmod	не	не	PART	case	в	в	ADP	115.9509913809763	9
мои	мой	DET	advmod	не	не	PART	_	_	_	_	115.9509913809763	9
понравилась	понравиться	VERB	advmod	не	не	PART	nsubj	кухня	кухня	NOUN	115.9509913809763	9
месту	место	NOUN	advmod	не	не	PART	case	к	к	ADP	115.9509913809763	9
подошел	подойти	VERB	advmod	не	не	PART	cc	но	но	CCONJ	115.9509913809763	9
важно	важный	ADJ	advmod	не	не	PART	cc	и	и	CCONJ	115.9509913809763	9
реально	реально	ADV	advmod	не	не	PART	_	_	_	_	115.9509913809763	9
смотря	смотреть	VERB	advmod	не	не	PART	_	_	_	_	115.9509913809763	9
советую	советовать	VERB	advmod	не	не	PART	xcomp	ходить	ходить	VERB	115.9509913809763	9
смогли	мочь	VERB	advmod	не	не	PART	nsubj	мы	мы	PRON	115.9509913809763	9
знали	знать	VERB	advmod	не	не	PART	nsubj	мы	мы	PRON	115.9509913809763	9
то	то	PRON	advmod	не	не	PART	mark	что	что	SCONJ	115.9509913809763	9
было	быть	VERB	advmod	не	не	PART	advmod	где	где	ADV	115.9509913809763	9
обычный	обычный	ADJ	advmod	не	не	PART	_	_	_	_	115.9509913809763	9
куда	куда	ADV	advmod	не	не	PART	_	_	_	_	115.9509913809763	9
доел	доеть	VERB	advmod	не	не	PART	_	_	_	_	115.9509913809763	9
&quot	&quot	X	advmod	не	не	PART	_	_	_	_	115.9509913809763	9
вызывает	вызывать	VERB	advmod	не	не	PART	cc	и	и	CCONJ	115.9509913809763	9
пробовала	пробовать	VERB	advmod	не	не	PART	_	_	_	_	115.9509913809763	9
обычного	обычный	ADJ	advmod	не	не	PART	_	_	_	_	115.9509913809763	9
встречает	встречать	VERB	advmod	не	не	PART	obl	входе	вход	NOUN	115.9509913809763	9
пойдем	пойти	VERB	advmod	не	не	PART	cc	но	но	CCONJ	115.9509913809763	9
заметил	заметить	VERB	advmod	не	не	PART	cc	но	но	CCONJ	115.9509913809763	9
говоря	говорить	VERB	advmod	не	не	PART	obl	том	то	PRON	115.9509913809763	9
хватает	хватить	VERB	advmod	не	не	PART	cc	но	но	CCONJ	115.9509913809763	9
было	быть	VERB	advmod	не	не	PART	cc	да	да	CCONJ	115.9509913809763	9
поняли	понять	VERB	advmod	не	не	PART	advmod	так	так	ADV	103.06754789420117	8
назвала	назвать	VERB	advmod	не	не	PART	nsubj	я	я	PRON	103.06754789420117	8
плохая	плохой	ADJ	advmod	не	не	PART	advcl	кухня	кухня	VERB	103.06754789420117	8
курят	курить	VERB	advmod	не	не	PART	cc	и	и	CCONJ	103.06754789420117	8
приду	прийти	VERB	advmod	не	не	PART	advmod	больше	больше	ADV	103.06754789420117	8
тему	тема	NOUN	advmod	не	не	PART	case	в	в	ADP	103.06754789420117	8
изменилось	измениться	VERB	advmod	не	не	PART	mark	что	что	SCONJ	103.06754789420117	8
понял	понять	VERB	advmod	не	не	PART	_	_	_	_	103.06754789420117	8
жалко	жалко	ADV	advmod	не	не	PART	cc	и	и	CCONJ	103.06754789420117	8
кто	кто	PRON	advmod	не	не	PART	_	_	_	_	103.06754789420117	8
большие	большой	ADJ	advmod	не	не	PART	_	_	_	_	103.06754789420117	8
понимаю	понимать	VERB	advmod	не	не	PART	cc	но	но	CCONJ	103.06754789420117	8
тем	то	PRON	fixed	не	не	PART	cc	но	но	CCONJ	103.06754789420117	8
было	быть	VERB	advmod	не	не	PART	obj	его	он	PRON	103.06754789420117	8
придираться	придираться	VERB	advmod	не	не	PART	mark	если	если	SCONJ	103.06754789420117	8
суть	суть	NOUN	advmod	не	не	PART	cc	но	но	CCONJ	103.06754789420117	8
спеша	спешить	VERB	advmod	не	не	PART	_	_	_	_	103.06754789420117	8
пожалела	жалеть	VERB	advmod	не	не	PART	cc	но	но	CCONJ	103.06754789420117	8
один	один	NUM	advmod	не	не	PART	advmod	уже	уже	ADV	103.06754789420117	8
велик	большой	ADJ	advmod	не	не	PART	nsubj	выбор	выбор	NOUN	103.06754789420117	8
хватало	хватать	VERB	advmod	не	не	PART	iobj	мне	я	PRON	103.06754789420117	8
хотели	хотеть	VERB	advmod	не	не	PART	cc	и	и	CCONJ	103.06754789420117	8
знаете	знать	VERB	advmod	не	не	PART	mark	если	если	SCONJ	103.06754789420117	8
хотелось	хотеться	VERB	advmod	не	не	PART	xcomp	есть	быть	VERB	103.06754789420117	8
соответствует	соответствовать	VERB	advmod	не	не	PART	nsubj	цена	цена	NOUN	103.06754789420117	8
дождавшись	дожидаться	VERB	advmod	не	не	PART	cc	и	и	CCONJ	103.06754789420117	8
понравился	понравиться	VERB	advmod	не	не	PART	mark	что	что	SCONJ	103.06754789420117	8
много	много	ADV	advmod	не	не	PART	mark	что	что	SCONJ	103.06754789420117	8
соответствует	соответствовать	VERB	advmod	не	не	PART	cc	но	но	CCONJ	103.06754789420117	8
вкусная	вкусный	ADJ	advmod	не	не	PART	_	_	_	_	103.06754789420117	8
случилось	случиться	VERB	advmod	не	не	PART	cc	но	но	CCONJ	103.06754789420117	8
встречала	встречать	VERB	advmod	не	не	PART	advmod	давно	давно	ADV	103.06754789420117	8
один	один	NUM	advmod	не	не	PART	cc	и	и	CCONJ	103.06754789420117	8
предупредили	предупредить	VERB	advmod	не	не	PART	mark	что	что	SCONJ	103.06754789420117	8
надо	надо	ADV	advmod	не	не	PART	advmod	ли	ли	PART	103.06754789420117	8
стала	стать	VERB	advmod	не	не	PART	mark	что	что	SCONJ	103.06754789420117	8
красиво	красиво	ADV	advmod	не	не	PART	_	_	_	_	103.06754789420117	8
мешает	мешать	VERB	advmod	не	не	PART	mark	что	что	SCONJ	103.06754789420117	8
имею	иметь	VERB	advmod	не	не	PART	nsubj	я	я	PRON	103.06754789420117	8
ошиблись	ошибиться	VERB	advmod	не	не	PART	mark	что	что	SCONJ	103.06754789420117	8
дают	давать	VERB	advmod	не	не	PART	cc	но	но	CCONJ	103.06754789420117	8
было	быть	VERB	advmod	не	не	PART	parataxis	сожалению	сожаление	NOUN	103.06754789420117	8
есть	быть	VERB	advmod	не	не	PART	cc	а	а	CCONJ	103.06754789420117	8
ходите	ходить	VERB	advmod	не	не	PART	advmod	туда	туда	ADV	103.06754789420117	8
ели	есть	VERB	advmod	не	не	PART	mark	что	что	SCONJ	103.06754789420117	8
много	много	ADV	advmod	не	не	PART	cc	но	но	CCONJ	103.06754789420117	8
по-детски	по-детски	ADV	advmod	не	не	PART	_	_	_	_	103.06754789420117	8
могли	мочь	VERB	advmod	не	не	PART	mark	что	что	SCONJ	103.06754789420117	8
посоветуем	советовать	VERB	advmod	не	не	PART	cc	и	и	CCONJ	103.06754789420117	8
маленькие	маленький	ADJ	advmod	не	не	PART	_	_	_	_	103.06754789420117	8
дождались	дожидаться	VERB	advmod	не	не	PART	cc	а	а	CCONJ	103.06754789420117	8
понял	понять	VERB	advmod	не	не	PART	cc	а	а	CCONJ	103.06754789420117	8
понравилась	понравиться	VERB	advmod	не	не	PART	nsubj	еда	еда	NOUN	103.06754789420117	8
плохо	плохой	ADJ	advmod	не	не	PART	cc	и	и	CCONJ	103.06754789420117	8
нужно	нужный	ADJ	advmod	не	не	PART	cc	но	но	CCONJ	103.06754789420117	8
можем	мочь	VERB	advmod	не	не	PART	nsubj	мы	мы	PRON	103.06754789420117	8
той	тот	DET	advmod	не	не	PART	_	_	_	_	103.06754789420117	8
плохое	плохой	ADJ	advmod	не	не	PART	nsubj	обслуживание	обслуживание	NOUN	103.06754789420117	8
знаю	знать	VERB	advmod	не	не	PART	obl	кто	кто	PRON	103.06754789420117	8
хочу	хотеть	VERB	advmod	не	не	PART	cc	но	но	CCONJ	103.06754789420117	8
кем	кто	PRON	advmod	не	не	PART	case	с	с	ADP	103.06754789420117	8
маленькие	маленький	ADJ	advmod	не	не	PART	cc	и	и	CCONJ	103.06754789420117	8
могла	мочь	VERB	advmod	не	не	PART	cc	и	и	CCONJ	103.06754789420117	8
очень	очень	ADV	advmod	не	не	PART	advmod	как-то	как-то	ADV	103.06754789420117	8
вышло	выйти	VERB	advmod	не	не	PART	cc	но	но	CCONJ	103.06754789420117	8
встречал	встречать	VERB	advmod	не	не	PART	nsubj	я	я	PRON	103.06754789420117	8
дождаться	дожидаться	VERB	advmod	не	не	PART	cc	и	и	CCONJ	103.06754789420117	8
было	быть	VERB	advmod	не	не	PART	nsubj	желания	желание	NOUN	103.06754789420117	8
было	быть	VERB	advmod	не	не	PART	iobj	народу	народ	NOUN	103.06754789420117	8
навязчивый	навязчивый	ADJ	advmod	не	не	PART	_	_	_	_	103.06754789420117	8
повезло	везти	VERB	advmod	не	не	PART	cc	а	а	CCONJ	103.06754789420117	8
удалось	удаться	VERB	advmod	не	не	PART	cc	и	и	CCONJ	103.06754789420117	8
видно	видно	ADV	advmod	не	не	PART	cc	и	и	CCONJ	103.06754789420117	8
удалось	удаться	VERB	advmod	не	не	PART	csubj	попробовать	пробовать	VERB	103.06754789420117	8
жалко	жалко	ADV	advmod	не	не	PART	_	_	_	_	103.06754789420117	8
любительница	любительница	NOUN	advmod	не	не	PART	nsubj	я	я	PRON	103.06754789420117	8
поменяли	менять	VERB	advmod	не	не	PART	obj	пепельницу	пепельница	NOUN	103.06754789420117	8
обошлось	обойтись	VERB	advmod	не	не	PART	cc	но	но	CCONJ	103.06754789420117	8
настолько	настолько	ADV	advmod	не	не	PART	cc	но	но	CCONJ	103.06754789420117	8
было	быть	VERB	advmod	не	не	PART	advmod	больше	больше	ADV	103.06754789420117	8
впечатлила	впечатлять	VERB	advmod	не	не	PART	cc	но	но	CCONJ	103.06754789420117	8
могу	мочь	VERB	advmod	не	не	PART	mark	хотя	хотя	SCONJ	103.06754789420117	8
моё	мое	PRON	advmod	не	не	PART	_	_	_	_	103.06754789420117	8
пойдем	пойти	VERB	advmod	не	не	PART	obl	раз	раз	NOUN	103.06754789420117	8
поняла	понять	VERB	advmod	не	не	PART	cc	но	но	CCONJ	103.06754789420117	8
было	быть	VERB	advmod	не	не	PART	nsubj	которого	который	PRON	103.06754789420117	8
хватило	хватить	VERB	advmod	не	не	PART	mark	что	что	SCONJ	103.06754789420117	8
было	быть	VERB	advmod	не	не	PART	nsubj	что	что	PRON	103.06754789420117	8
